No,캐릭터명,명랑도_점수,명랑도_확신도,외향성_점수,외향성_확신도,자기확신_점수,자기확신_확신도,기행성_점수,기행성_확신도,장난기_점수,장난기_확신도,노력성_점수,노력성_확신도,천재성_점수,천재성_확신도,역경성_점수,역경성_확신도,이성성_점수,이성성_확신도,충동성_점수,충동성_확신도,배려성_점수,배려성_확신도,독립성_점수,독립성_확신도,완벽주의_점수,완벽주의_확신도,승부집착_점수,승부집착_확신도,책임감_점수,책임감_확신도,평균확신도,저확신수,저확신항목,공식프로필URL,NamuWiki문서후보URL
1,스페셜 위크,4,0.85,3,0.72,3,0.72,1,0.88,2,0.52,4,0.88,2,0.62,3,0.72,2,0.62,2,0.62,3,0.8,2,0.62,3,0.62,3,0.8,3,0.8,0.7193,1,장난기,https://umamusume.jp/character/specialweek,https://namu.wiki/w/스페셜 위크(우마무스메 프리티 더비)
2,사일런스 스즈카,1,0.88,0,0.88,3,0.72,1,0.88,1,0.72,2,0.62,4,0.88,2,0.52,4,0.62,1,0.85,2,0.62,4,0.9,3,0.62,3,0.62,2,0.62,0.73,1,역경성,https://umamusume.jp/character/silencesuzuka,https://namu.wiki/w/사일런스 스즈카(우마무스메 프리티 더비)
3,토카이 테이오,4,0.88,4,0.85,4,0.88,2,0.52,4,0.85,2,0.62,4,0.88,3,0.72,0,0.62,4,0.62,2,0.62,1,0.62,2,0.62,3,0.8,2,0.62,0.7147,1,기행성,https://umamusume.jp/character/tokaiteio,https://namu.wiki/w/토카이 테이오(우마무스메 프리티 더비)
4,마루젠스키,4,0.85,4,0.85,3,0.85,2,0.52,3,0.72,2,0.62,4,0.88,1,0.88,1,0.62,3,0.62,2,0.62,1,0.62,2,0.62,2,0.62,2,0.62,0.7007,1,기행성,https://umamusume.jp/character/maruzensky,https://namu.wiki/w/마루젠스키(우마무스메 프리티 더비)
5,후지 키세키,4,0.85,4,0.85,3,0.85,2,0.52,4,0.85,2,0.62,2,0.62,2,0.52,2,0.88,4,0.62,4,0.88,3,0.88,2,0.88,2,0.62,4,0.9,0.756,2,"기행성, 역경성",https://umamusume.jp/character/fujikiseki,https://namu.wiki/w/후지 키세키(우마무스메 프리티 더비)
6,오구리 캡,3,0.72,2,0.52,3,0.72,2,0.52,1,0.72,3,0.78,3,0.78,4,0.85,2,0.62,2,0.62,2,0.62,2,0.62,3,0.62,3,0.62,3,0.62,0.6633,2,"외향성, 기행성",https://umamusume.jp/character/oguricap,https://namu.wiki/w/오구리 캡(우마무스메 프리티 더비)
7,골드 쉽,4,0.85,4,0.88,3,0.85,4,0.88,4,0.88,1,0.85,3,0.62,1,0.72,0,0.9,4,0.9,1,0.9,1,0.62,0,0.9,2,0.62,1,0.85,0.8147,0,,https://umamusume.jp/character/goldship,https://namu.wiki/w/골드 쉽(우마무스메 프리티 더비)
8,보드카,3,0.72,3,0.72,3,0.85,2,0.52,2,0.52,3,0.78,2,0.62,2,0.52,2,0.62,4,0.9,2,0.62,2,0.62,2,0.62,4,0.9,2,0.62,0.6767,3,"기행성, 장난기, 역경성",https://umamusume.jp/character/vodka,https://namu.wiki/w/보드카(우마무스메 프리티 더비)
9,다이와 스칼렛,3,0.72,3,0.72,4,0.88,1,0.88,1,0.72,4,0.88,3,0.78,2,0.52,2,0.62,2,0.62,3,0.62,2,0.62,4,0.9,4,0.9,3,0.62,0.7333,1,역경성,https://umamusume.jp/character/daiwascarlet,https://namu.wiki/w/다이와 스칼렛(우마무스메 프리티 더비)
10,타이키 셔틀,4,0.88,4,0.88,3,0.85,2,0.52,4,0.85,2,0.62,3,0.78,1,0.72,0,0.62,4,0.62,3,0.8,0,0.9,2,0.62,2,0.62,2,0.62,0.7267,1,기행성,https://umamusume.jp/character/taikishuttle,https://namu.wiki/w/타이키 셔틀(우마무스메 프리티 더비)
11,그래스 원더,3,0.72,2,0.52,3,0.85,1,0.88,1,0.88,3,0.78,3,0.78,2,0.52,3,0.8,1,0.62,3,0.8,2,0.62,3,0.62,4,0.9,3,0.8,0.7393,2,"외향성, 역경성",https://umamusume.jp/character/grasswonder,https://namu.wiki/w/그래스 원더(우마무스메 프리티 더비)
12,히시 아마존,4,0.85,4,0.88,3,0.85,2,0.52,3,0.72,3,0.78,2,0.62,1,0.72,1,0.62,3,0.62,4,0.9,1,0.62,2,0.62,3,0.8,4,0.9,0.7347,1,기행성,https://umamusume.jp/character/hishiamazon,https://namu.wiki/w/히시 아마존(우마무스메 프리티 더비)
13,메지로 맥퀸,3,0.72,2,0.52,3,0.85,1,0.88,1,0.88,3,0.78,3,0.78,2,0.52,3,0.8,1,0.85,2,0.62,2,0.62,4,0.9,3,0.8,3,0.8,0.7547,2,"외향성, 역경성",https://umamusume.jp/character/mejiromcqueen,https://namu.wiki/w/메지로 맥퀸(우마무스메 프리티 더비)
14,엘 콘도르 파사,4,0.88,4,0.88,4,0.88,3,0.72,4,0.85,2,0.62,3,0.78,1,0.72,0,0.62,4,0.62,2,0.62,1,0.62,2,0.62,4,0.9,2,0.62,0.73,0,,https://umamusume.jp/character/elcondorpasa,https://namu.wiki/w/엘 콘도르 파사(우마무스메 프리티 더비)
15,티엠 오페라 오,4,0.85,4,0.88,4,0.88,4,0.85,4,0.85,2,0.62,3,0.78,1,0.88,0,0.62,4,0.62,1,0.85,1,0.62,2,0.62,3,0.62,1,0.62,0.744,0,,https://umamusume.jp/character/tmoperao,https://namu.wiki/w/티엠 오페라 오(우마무스메 프리티 더비)
16,나리타 브라이언,1,0.72,0,0.88,3,0.85,1,0.72,0,0.88,2,0.62,4,0.88,1,0.72,4,0.62,1,0.85,2,0.62,4,0.9,4,0.62,4,0.9,3,0.62,0.76,0,,https://umamusume.jp/character/naritabrian,https://namu.wiki/w/나리타 브라이언(우마무스메 프리티 더비)
17,심볼리 루돌프,3,0.72,3,0.72,4,0.88,1,0.88,1,0.88,2,0.62,4,0.88,1,0.88,4,0.9,0,0.9,3,0.62,2,0.62,4,0.9,3,0.62,4,0.9,0.7947,0,,https://umamusume.jp/character/symbolirudolf,https://namu.wiki/w/심볼리 루돌프(우마무스메 프리티 더비)
18,에어 그루브,2,0.52,2,0.52,3,0.85,1,0.88,1,0.88,3,0.78,3,0.78,2,0.52,3,0.8,1,0.62,2,0.62,2,0.62,4,0.9,3,0.62,4,0.9,0.7207,3,"명랑도, 외향성, 역경성",https://umamusume.jp/character/airgroove,https://namu.wiki/w/에어 그루브(우마무스메 프리티 더비)
19,아그네스 디지털,4,0.85,3,0.72,3,0.72,4,0.88,4,0.85,2,0.62,2,0.62,2,0.52,0,0.62,4,0.62,2,0.62,1,0.62,2,0.62,2,0.62,2,0.62,0.6747,1,역경성,https://umamusume.jp/character/agnesdigital,https://namu.wiki/w/아그네스 디지털(우마무스메 프리티 더비)
20,세이운 스카이,3,0.72,2,0.52,3,0.85,3,0.72,4,0.88,1,0.85,2,0.62,1,0.72,4,0.9,3,0.62,2,0.62,2,0.62,0,0.9,2,0.62,1,0.85,0.734,1,외향성,https://umamusume.jp/character/seiunsky,https://namu.wiki/w/세이운 스카이(우마무스메 프리티 더비)
21,타마모 크로스,4,0.85,4,0.88,3,0.85,3,0.72,4,0.85,4,0.88,2,0.62,4,0.88,0,0.62,3,0.8,2,0.62,1,0.62,2,0.62,3,0.8,2,0.62,0.7487,0,,https://umamusume.jp/character/tamamocross,https://namu.wiki/w/타마모 크로스(우마무스메 프리티 더비)
22,파인 모션,4,0.85,4,0.85,3,0.72,2,0.52,3,0.72,2,0.62,3,0.78,2,0.52,1,0.62,4,0.9,2,0.62,1,0.62,2,0.62,3,0.62,2,0.62,0.68,2,"기행성, 역경성",https://umamusume.jp/character/finemotion,https://namu.wiki/w/파인 모션(우마무스메 프리티 더비)
23,비와 하야히데,2,0.52,2,0.52,3,0.72,1,0.72,1,0.72,4,0.88,3,0.78,3,0.72,4,0.9,0,0.9,2,0.62,2,0.62,4,0.9,3,0.62,4,0.62,0.7173,2,"명랑도, 외향성",https://umamusume.jp/character/biwahayahide,https://namu.wiki/w/비와 하야히데(우마무스메 프리티 더비)
24,마야노 탑건,4,0.85,4,0.85,3,0.85,4,0.85,4,0.88,2,0.62,4,0.88,1,0.72,1,0.85,4,0.9,2,0.62,1,0.62,1,0.85,2,0.62,1,0.62,0.772,0,,https://umamusume.jp/character/mayanotopgun,https://namu.wiki/w/마야노 탑건(우마무스메 프리티 더비)
25,맨하탄 카페,0,0.88,0,0.88,2,0.52,4,0.85,1,0.72,2,0.62,2,0.62,3,0.72,3,0.62,1,0.85,1,0.62,4,0.9,3,0.62,3,0.62,2,0.62,0.7107,1,자기확신,https://umamusume.jp/character/manhattancafe,https://namu.wiki/w/맨하탄 카페(우마무스메 프리티 더비)
26,미호노 부르봉,2,0.52,1,0.72,3,0.72,2,0.52,0,0.88,4,0.88,2,0.62,3,0.72,4,0.9,0,0.9,2,0.62,3,0.62,4,0.62,3,0.62,3,0.8,0.7107,2,"명랑도, 기행성",https://umamusume.jp/character/mihonobourbon,https://namu.wiki/w/미호노 부르봉(우마무스메 프리티 더비)
27,메지로 라이언,3,0.72,3,0.72,1,0.88,1,0.72,2,0.52,3,0.78,2,0.62,3,0.72,2,0.62,2,0.62,3,0.8,1,0.62,2,0.62,2,0.62,2,0.62,0.68,1,장난기,https://umamusume.jp/character/mejiroryan,https://namu.wiki/w/메지로 라이언(우마무스메 프리티 더비)
28,히시 아케보노,4,0.85,4,0.85,3,0.85,1,0.72,3,0.72,2,0.62,2,0.62,1,0.72,1,0.62,3,0.62,4,0.9,1,0.62,2,0.62,1,0.85,2,0.62,0.72,0,,https://umamusume.jp/character/hishiakebono,https://namu.wiki/w/히시 아케보노(우마무스메 프리티 더비)
29,유키노 비진,4,0.85,3,0.72,3,0.72,1,0.72,2,0.52,3,0.78,2,0.62,2,0.52,2,0.62,2,0.62,3,0.8,2,0.62,2,0.62,3,0.62,2,0.62,0.6647,2,"장난기, 역경성",https://umamusume.jp/character/yukinobijin,https://namu.wiki/w/유키노 비진(우마무스메 프리티 더비)
30,라이스 샤워,1,0.72,1,0.72,0,0.88,1,0.72,1,0.88,2,0.62,2,0.62,4,0.88,3,0.62,1,0.62,3,0.8,1,0.85,2,0.62,2,0.62,2,0.62,0.7193,0,,https://umamusume.jp/character/riceshower,https://namu.wiki/w/라이스 샤워(우마무스메 프리티 더비)
31,아이네스 후진,4,0.85,4,0.85,3,0.72,1,0.72,2,0.52,3,0.78,2,0.62,4,0.85,2,0.62,2,0.62,4,0.9,1,0.62,2,0.62,3,0.62,4,0.9,0.7207,1,장난기,https://umamusume.jp/character/inesfujin,https://namu.wiki/w/아이네스 후진(우마무스메 프리티 더비)
32,아그네스 타키온,3,0.72,2,0.52,3,0.85,4,0.88,4,0.85,2,0.62,3,0.78,1,0.72,4,0.9,4,0.62,1,0.62,2,0.62,2,0.62,2,0.62,1,0.62,0.704,1,외향성,https://umamusume.jp/character/agnestachyon,https://namu.wiki/w/아그네스 타키온(우마무스메 프리티 더비)
33,어드마이어 베가,0,0.88,0,0.88,2,0.52,1,0.72,0,0.88,2,0.62,2,0.62,4,0.88,4,0.62,0,0.62,2,0.62,4,0.9,3,0.62,3,0.62,4,0.62,0.708,1,자기확신,https://umamusume.jp/character/admirevega,https://namu.wiki/w/어드마이어 베가(우마무스메 프리티 더비)
34,이나리 원,4,0.85,4,0.85,3,0.85,2,0.52,3,0.72,2,0.62,2,0.62,2,0.52,1,0.62,3,0.88,2,0.88,1,0.62,1,0.88,3,0.88,2,0.62,0.7287,2,"기행성, 역경성",https://umamusume.jp/character/inarione,https://namu.wiki/w/이나리 원(우마무스메 프리티 더비)
35,위닝 티켓,4,0.88,4,0.88,3,0.85,2,0.52,3,0.72,3,0.78,2,0.62,2,0.52,0,0.9,3,0.62,2,0.62,1,0.62,2,0.62,3,0.8,2,0.62,0.7047,2,"기행성, 역경성",https://umamusume.jp/character/winningticket,https://namu.wiki/w/위닝 티켓(우마무스메 프리티 더비)
36,에어 샤커,1,0.72,1,0.88,3,0.85,3,0.72,1,0.72,2,0.62,2,0.62,3,0.72,4,0.9,1,0.62,2,0.62,3,0.8,3,0.8,3,0.62,2,0.62,0.722,0,,https://umamusume.jp/character/airshakur,https://namu.wiki/w/에어 샤커(우마무스메 프리티 더비)
37,에이신 플래시,2,0.52,2,0.52,3,0.85,1,0.88,0,0.88,3,0.78,2,0.62,2,0.52,4,0.9,0,0.9,2,0.62,2,0.62,4,0.9,3,0.62,3,0.62,0.7167,3,"명랑도, 외향성, 역경성",https://umamusume.jp/character/eishinflash,https://namu.wiki/w/에이신 플래시(우마무스메 프리티 더비)
38,카렌짱,4,0.85,4,0.85,4,0.88,3,0.72,4,0.85,2,0.62,3,0.78,1,0.88,0,0.62,4,0.62,2,0.85,1,0.62,3,0.62,3,0.62,0,0.62,0.7333,0,,https://umamusume.jp/character/currenchan,https://namu.wiki/w/카렌짱(우마무스메 프리티 더비)
39,카와카미 프린세스,4,0.88,4,0.85,3,0.85,3,0.72,4,0.85,2,0.62,2,0.62,2,0.52,0,0.9,4,0.88,2,0.88,2,0.88,1,0.88,2,0.62,1,0.62,0.7713,1,역경성,https://umamusume.jp/character/kawakamiprincess,https://namu.wiki/w/카와카미 프린세스(우마무스메 프리티 더비)
40,골드 시티,2,0.52,3,0.72,3,0.72,2,0.52,2,0.52,3,0.78,2,0.62,3,0.72,2,0.62,2,0.62,2,0.62,3,0.8,3,0.62,3,0.62,3,0.62,0.6427,3,"명랑도, 기행성, 장난기",https://umamusume.jp/character/goldcity,https://namu.wiki/w/골드 시티(우마무스메 프리티 더비)
41,사쿠라 바쿠신 오,4,0.88,4,0.88,3,0.85,4,0.85,4,0.85,3,0.78,2,0.62,1,0.72,0,0.62,4,0.62,2,0.62,1,0.62,2,0.62,3,0.8,2,0.62,0.73,0,,https://umamusume.jp/character/sakurabakushino,https://namu.wiki/w/사쿠라 바쿠신 오(우마무스메 프리티 더비)
42,시킹 더 펄,4,0.85,4,0.88,4,0.85,4,0.85,4,0.85,2,0.62,3,0.78,2,0.72,1,0.88,4,0.88,3,0.62,3,0.88,1,0.88,2,0.62,1,0.62,0.7853,0,,https://umamusume.jp/character/seekingthepearl,https://namu.wiki/w/시킹 더 펄(우마무스메 프리티 더비)
43,신코 윈디,4,0.85,4,0.85,3,0.72,4,0.88,4,0.88,2,0.62,2,0.62,1,0.72,0,0.62,4,0.9,2,0.62,1,0.62,2,0.62,3,0.62,1,0.85,0.7327,0,,https://umamusume.jp/character/shinkowindy,https://namu.wiki/w/신코 윈디(우마무스메 프리티 더비)
44,스윕 토쇼,3,0.72,3,0.72,3,0.85,4,0.88,4,0.85,2,0.62,2,0.62,1,0.72,0,0.62,4,0.9,0,0.9,1,0.62,1,0.62,2,0.62,1,0.85,0.7407,0,,https://umamusume.jp/character/sweeptosho,https://namu.wiki/w/스윕 토쇼(우마무스메 프리티 더비)
45,슈퍼 크릭,4,0.85,4,0.85,3,0.85,2,0.52,3,0.72,2,0.62,2,0.62,2,0.72,1,0.62,3,0.62,4,0.9,1,0.62,2,0.62,1,0.85,3,0.8,0.7187,1,기행성,https://umamusume.jp/character/supercreek,https://namu.wiki/w/슈퍼 크릭(우마무스메 프리티 더비)
46,스마트 팔콘,4,0.85,4,0.85,3,0.85,3,0.72,4,0.85,3,0.78,2,0.62,2,0.52,0,0.62,2,0.88,3,0.88,2,0.88,3,0.88,2,0.62,3,0.62,0.7613,1,역경성,https://umamusume.jp/character/smartfalcon,https://namu.wiki/w/스마트 팔콘(우마무스메 프리티 더비)
47,젠노 롭 로이,2,0.52,1,0.88,1,0.72,2,0.52,1,0.72,2,0.62,2,0.62,2,0.52,3,0.62,1,0.62,2,0.62,2,0.62,3,0.62,2,0.62,2,0.62,0.6307,3,"명랑도, 기행성, 역경성",https://umamusume.jp/character/zennorobroy,https://namu.wiki/w/젠노 롭 로이(우마무스메 프리티 더비)
48,토센 조던,4,0.85,4,0.85,3,0.72,3,0.72,4,0.88,2,0.62,2,0.62,3,0.72,0,0.62,3,0.8,2,0.62,1,0.62,1,0.62,2,0.62,2,0.62,0.7,0,,https://umamusume.jp/character/tosenjordan,https://namu.wiki/w/토센 조던(우마무스메 프리티 더비)
49,나카야마 페스타,2,0.52,3,0.72,3,0.85,4,0.85,3,0.72,2,0.62,2,0.62,3,0.72,1,0.62,3,0.62,1,0.62,4,0.9,2,0.62,3,0.62,2,0.62,0.6827,1,명랑도,https://umamusume.jp/character/nakayamafesta,https://namu.wiki/w/나카야마 페스타(우마무스메 프리티 더비)
50,나리타 타이신,0,0.88,0,0.88,2,0.52,1,0.72,0,0.85,3,0.78,2,0.62,4,0.88,3,0.62,1,0.62,2,0.62,4,0.9,3,0.62,4,0.9,3,0.62,0.7353,1,자기확신,https://umamusume.jp/character/naritataishin,https://namu.wiki/w/나리타 타이신(우마무스메 프리티 더비)
51,니시노 플라워,4,0.85,2,0.52,1,0.72,1,0.88,1,0.72,3,0.78,2,0.62,2,0.52,3,0.62,1,0.62,4,0.9,2,0.62,3,0.62,2,0.62,3,0.8,0.694,2,"외향성, 역경성",https://umamusume.jp/character/nishinoflower,https://namu.wiki/w/니시노 플라워(우마무스메 프리티 더비)
52,하루 우라라,4,0.88,4,0.85,3,0.85,2,0.52,4,0.85,2,0.62,1,0.85,4,0.85,1,0.85,4,0.62,2,0.62,1,0.62,0,0.9,1,0.85,1,0.62,0.7567,1,기행성,https://umamusume.jp/character/haruurara,https://namu.wiki/w/하루 우라라(우마무스메 프리티 더비)
53,뱀부 메모리,4,0.85,4,0.85,3,0.85,2,0.52,3,0.72,3,0.78,2,0.62,2,0.52,1,0.62,3,0.88,3,0.88,1,0.62,3,0.88,4,0.88,4,0.9,0.758,2,"기행성, 역경성",https://umamusume.jp/character/bamboomemory,https://namu.wiki/w/뱀부 메모리(우마무스메 프리티 더비)
54,비코 페가수스,4,0.88,4,0.85,3,0.85,4,0.85,4,0.85,2,0.62,2,0.62,1,0.72,0,0.62,4,0.62,2,0.62,1,0.62,2,0.62,2,0.62,2,0.62,0.7053,0,,https://umamusume.jp/character/bikopegasus,https://namu.wiki/w/비코 페가수스(우마무스메 프리티 더비)
55,마블러스 선데이,4,0.88,4,0.88,3,0.85,4,0.88,4,0.85,2,0.62,2,0.62,1,0.72,0,0.88,3,0.88,2,0.88,2,0.88,0,0.88,2,0.62,1,0.62,0.796,0,,https://umamusume.jp/character/marveloussunday,https://namu.wiki/w/마블러스 선데이(우마무스메 프리티 더비)
56,마치카네 후쿠키타루,4,0.88,4,0.85,2,0.72,4,0.88,4,0.85,2,0.62,2,0.62,2,0.52,0,0.88,3,0.88,3,0.88,1,0.88,1,0.88,2,0.62,3,0.62,0.772,1,역경성,https://umamusume.jp/character/matikanefukukitaru,https://namu.wiki/w/마치카네 후쿠키타루(우마무스메 프리티 더비)
57,미스터 시비,3,0.72,3,0.72,3,0.85,4,0.85,3,0.72,2,0.62,3,0.78,1,0.72,1,0.62,3,0.62,2,0.62,4,0.9,2,0.62,2,0.62,2,0.62,0.7067,0,,https://umamusume.jp/character/mrcb,https://namu.wiki/w/미스터 시비(우마무스메 프리티 더비)
58,메이쇼 도토,2,0.52,1,0.72,0,0.88,2,0.52,2,0.52,4,0.88,1,0.85,4,0.88,1,0.85,3,0.62,2,0.62,0,0.9,2,0.62,3,0.62,2,0.62,0.708,3,"명랑도, 기행성, 장난기",https://umamusume.jp/character/meishodoto,https://namu.wiki/w/메이쇼 도토(우마무스메 프리티 더비)
59,메지로 도베르,1,0.88,0,0.88,1,0.88,1,0.72,0,0.85,2,0.62,2,0.62,3,0.72,3,0.62,0,0.62,2,0.62,3,0.8,3,0.8,3,0.62,3,0.62,0.7247,0,,https://umamusume.jp/character/mejirodober,https://namu.wiki/w/메지로 도베르(우마무스메 프리티 더비)
60,나이스 네이처,3,0.72,3,0.72,1,0.88,2,0.52,3,0.72,3,0.78,2,0.62,3,0.72,3,0.8,3,0.62,2,0.62,1,0.62,2,0.62,2,0.62,2,0.62,0.68,1,기행성,https://umamusume.jp/character/nicenature,https://namu.wiki/w/나이스 네이처(우마무스메 프리티 더비)
61,킹 헤일로,3,0.72,4,0.85,3,0.85,3,0.72,3,0.72,4,0.88,2,0.62,4,0.88,0,0.62,4,0.62,3,0.8,1,0.62,2,0.62,4,0.9,3,0.8,0.748,0,,https://umamusume.jp/character/kinghalo,https://namu.wiki/w/킹 헤일로(우마무스메 프리티 더비)
62,마치카네 탄호이저,4,0.85,3,0.72,2,0.52,3,0.72,3,0.72,2,0.62,2,0.62,3,0.72,0,0.62,4,0.62,3,0.8,1,0.62,2,0.62,3,0.62,2,0.62,0.6673,1,자기확신,https://umamusume.jp/character/matikanetannhauser,https://namu.wiki/w/마치카네 탄호이저(우마무스메 프리티 더비)
63,이쿠노 딕터스,2,0.52,1,0.88,3,0.85,1,0.88,0,0.88,3,0.78,2,0.62,3,0.72,4,0.9,0,0.9,2,0.62,3,0.62,4,0.9,3,0.62,4,0.9,0.7727,1,명랑도,https://umamusume.jp/character/ikunodictus,https://namu.wiki/w/이쿠노 딕터스(우마무스메 프리티 더비)
64,메지로 파머,4,0.85,4,0.85,0,0.72,3,0.72,4,0.85,3,0.62,2,0.62,3,0.72,0,0.62,4,0.62,2,0.62,2,0.62,2,0.62,3,0.62,2,0.62,0.686,0,,https://umamusume.jp/character/mejiropalmer,https://namu.wiki/w/메지로 파머(우마무스메 프리티 더비)
65,다이타쿠 헬리오스,4,0.88,4,0.88,3,0.85,4,0.85,4,0.88,2,0.62,2,0.62,1,0.72,0,0.62,3,0.8,2,0.62,1,0.62,1,0.85,2,0.62,2,0.62,0.7367,0,,https://umamusume.jp/character/daitakuhelios,https://namu.wiki/w/다이타쿠 헬리오스(우마무스메 프리티 더비)
66,트윈 터보,4,0.88,4,0.88,3,0.85,4,0.85,4,0.88,2,0.62,2,0.62,2,0.52,0,0.9,4,0.9,2,0.62,1,0.62,1,0.85,2,0.62,1,0.85,0.764,1,역경성,https://umamusume.jp/character/twinturbo,https://namu.wiki/w/트윈 터보(우마무스메 프리티 더비)
67,사토노 다이아몬드,4,0.85,3,0.72,3,0.85,2,0.52,2,0.52,3,0.78,3,0.78,2,0.52,2,0.62,2,0.62,4,0.9,2,0.62,3,0.8,3,0.62,3,0.8,0.7013,3,"기행성, 장난기, 역경성",https://umamusume.jp/character/satonodiamond,https://namu.wiki/w/사토노 다이아몬드(우마무스메 프리티 더비)
68,키타산 블랙,4,0.85,4,0.85,3,0.85,2,0.52,4,0.85,3,0.78,3,0.78,2,0.52,1,0.88,4,0.62,4,0.88,2,0.88,2,0.88,2,0.62,4,0.9,0.7773,2,"기행성, 역경성",https://umamusume.jp/character/kitasanblack,https://namu.wiki/w/키타산 블랙(우마무스메 프리티 더비)
69,사쿠라 치요노 오,4,0.85,3,0.72,3,0.72,1,0.72,2,0.52,3,0.78,2,0.62,3,0.72,2,0.62,2,0.62,3,0.62,2,0.62,2,0.62,3,0.62,2,0.62,0.666,1,장난기,https://umamusume.jp/character/sakurachiyonoo,https://namu.wiki/w/사쿠라 치요노 오(우마무스메 프리티 더비)
70,시리우스 심볼리,3,0.72,4,0.85,4,0.88,3,0.72,3,0.72,2,0.62,2,0.62,1,0.72,0,0.62,4,0.62,1,0.85,4,0.9,2,0.62,4,0.9,1,0.62,0.732,0,,https://umamusume.jp/character/siriussymboli,https://namu.wiki/w/시리우스 심볼리(우마무스메 프리티 더비)
71,메지로 아르당,3,0.72,2,0.52,3,0.72,1,0.72,1,0.72,3,0.78,3,0.78,4,0.85,3,0.62,1,0.62,2,0.62,2,0.62,3,0.62,3,0.62,3,0.62,0.6767,1,외향성,https://umamusume.jp/character/mejiroardan,https://namu.wiki/w/메지로 아르당(우마무스메 프리티 더비)
72,야에노 무테키,3,0.72,2,0.52,3,0.85,1,0.72,1,0.72,3,0.78,2,0.62,3,0.52,3,0.88,2,0.88,3,0.88,3,0.88,4,0.88,3,0.88,3,0.62,0.7567,2,"외향성, 역경성",https://umamusume.jp/character/yaenomuteki,https://namu.wiki/w/야에노 무테키(우마무스메 프리티 더비)
73,츠루마루 츠요시,4,0.85,4,0.85,3,0.72,2,0.52,3,0.72,3,0.78,2,0.62,4,0.85,1,0.62,3,0.62,2,0.62,1,0.62,2,0.62,3,0.62,2,0.62,0.6833,1,기행성,https://umamusume.jp/character/tsurumarutsuyoshi,https://namu.wiki/w/츠루마루 츠요시(우마무스메 프리티 더비)
74,메지로 브라이트,4,0.85,2,0.52,3,0.85,3,0.72,2,0.52,2,0.62,2,0.62,2,0.52,1,0.62,3,0.62,3,0.8,2,0.62,2,0.62,3,0.62,2,0.62,0.6493,3,"외향성, 장난기, 역경성",https://umamusume.jp/character/mejirobright,https://namu.wiki/w/메지로 브라이트(우마무스메 프리티 더비)
75,데어링 택트,4,0.85,3,0.72,3,0.85,1,0.72,1,0.72,2,0.62,3,0.78,2,0.52,2,0.62,2,0.62,3,0.62,2,0.62,3,0.62,3,0.62,2,0.62,0.6747,1,역경성,https://umamusume.jp/character/daringtact,https://namu.wiki/w/데어링 택트(우마무스메 프리티 더비)
76,사쿠라 로렐,4,0.85,3,0.72,3,0.85,1,0.72,2,0.52,4,0.88,2,0.62,4,0.85,2,0.62,2,0.62,3,0.62,2,0.62,3,0.62,3,0.62,3,0.62,0.69,1,장난기,https://umamusume.jp/character/sakuralaurel,https://namu.wiki/w/사쿠라 로렐(우마무스메 프리티 더비)
77,나리타 탑 로드,4,0.85,4,0.85,3,0.72,1,0.72,2,0.52,4,0.88,2,0.62,3,0.72,1,0.62,3,0.62,4,0.9,1,0.62,3,0.62,3,0.62,4,0.9,0.7187,1,장난기,https://umamusume.jp/character/naritatoproad,https://namu.wiki/w/나리타 탑 로드(우마무스메 프리티 더비)
78,야마닌 제퍼,3,0.72,2,0.52,3,0.72,3,0.72,1,0.72,2,0.62,2,0.62,1,0.72,2,0.62,2,0.62,2,0.62,2,0.62,3,0.62,3,0.62,2,0.62,0.6467,1,외향성,https://umamusume.jp/character/yamaninzephyr,https://namu.wiki/w/야마닌 제퍼(우마무스메 프리티 더비)
79,푸리오소,2,0.52,1,0.72,3,0.85,1,0.72,0,0.85,3,0.78,2,0.62,2,0.52,3,0.88,1,0.88,3,0.88,3,0.88,3,0.88,4,0.88,3,0.8,0.7773,2,"명랑도, 역경성",https://umamusume.jp/character/furioso,https://namu.wiki/w/푸리오소(우마무스메 프리티 더비)
80,트랜센드,4,0.85,4,0.85,3,0.85,3,0.72,3,0.85,2,0.62,2,0.62,1,0.72,3,0.88,2,0.88,3,0.88,3,0.88,1,0.88,2,0.62,2,0.62,0.7813,0,,https://umamusume.jp/character/transcend,https://namu.wiki/w/트랜센드(우마무스메 프리티 더비)
81,에스푸아르 시티,3,0.72,4,0.85,3,0.72,2,0.52,3,0.72,2,0.62,2,0.62,2,0.52,1,0.62,3,0.62,2,0.62,1,0.62,2,0.62,3,0.62,2,0.62,0.642,2,"기행성, 역경성",https://umamusume.jp/character/espoircity,https://namu.wiki/w/에스푸아르 시티(우마무스메 프리티 더비)
82,노스 플라이트,4,0.85,4,0.85,3,0.85,3,0.72,4,0.85,2,0.62,2,0.62,2,0.52,3,0.88,1,0.88,3,0.88,1,0.62,3,0.88,2,0.62,3,0.62,0.7507,1,역경성,https://umamusume.jp/character/northflight,https://namu.wiki/w/노스 플라이트(우마무스메 프리티 더비)
83,심볼리 크리스 에스,1,0.88,1,0.88,3,0.85,1,0.72,0,0.85,2,0.62,3,0.78,2,0.52,3,0.62,0,0.62,2,0.62,3,0.8,3,0.62,3,0.62,3,0.62,0.708,1,역경성,https://umamusume.jp/character/symbolikriss,https://namu.wiki/w/심볼리 크리스 에스(우마무스메 프리티 더비)
84,타니노 김렛,3,0.72,4,0.85,3,0.85,4,0.85,4,0.85,2,0.62,2,0.62,1,0.72,0,0.62,4,0.62,2,0.62,1,0.62,2,0.62,2,0.62,2,0.62,0.6947,0,,https://umamusume.jp/character/taninogimlet,https://namu.wiki/w/타니노 김렛(우마무스메 프리티 더비)
85,다이이치 루비,1,0.72,1,0.72,3,0.85,1,0.72,0,0.85,2,0.62,2,0.62,2,0.52,4,0.62,0,0.62,2,0.62,3,0.8,3,0.8,3,0.62,3,0.62,0.688,1,역경성,https://umamusume.jp/character/daiichiruby,https://namu.wiki/w/다이이치 루비(우마무스메 프리티 더비)
86,메지로 라모누,2,0.52,2,0.52,4,0.88,4,0.85,2,0.52,2,0.62,4,0.88,1,0.72,2,0.62,3,0.62,1,0.62,4,0.9,3,0.62,3,0.62,2,0.62,0.6753,3,"명랑도, 외향성, 장난기",https://umamusume.jp/character/mejiroramonu,https://namu.wiki/w/메지로 라모누(우마무스메 프리티 더비)
87,애스턴 마짱,3,0.72,2,0.52,3,0.72,4,0.85,3,0.72,2,0.62,2,0.62,4,0.85,1,0.62,3,0.62,1,0.62,2,0.62,2,0.62,3,0.62,2,0.62,0.664,1,외향성,https://umamusume.jp/character/astonmachan,https://namu.wiki/w/애스턴 마짱(우마무스메 프리티 더비)
88,사토노 크라운,4,0.85,4,0.85,3,0.85,3,0.72,3,0.72,2,0.62,2,0.62,3,0.72,0,0.62,4,0.62,2,0.62,1,0.62,2,0.62,3,0.62,2,0.62,0.686,0,,https://umamusume.jp/character/satonocrown,https://namu.wiki/w/사토노 크라운(우마무스메 프리티 더비)
89,슈발 그랑,2,0.52,0,0.85,0,0.88,1,0.72,0,0.85,4,0.88,2,0.62,4,0.88,3,0.62,0,0.62,3,0.8,1,0.85,3,0.62,3,0.62,3,0.62,0.73,1,명랑도,https://umamusume.jp/character/chevalgrand,https://namu.wiki/w/슈발 그랑(우마무스메 프리티 더비)
90,베르시나,3,0.72,3,0.72,3,0.85,1,0.72,1,0.72,3,0.78,2,0.62,4,0.85,2,0.62,2,0.62,3,0.62,2,0.62,4,0.9,4,0.62,3,0.62,0.7067,0,,https://umamusume.jp/character/verxina,https://namu.wiki/w/베르시나(우마무스메 프리티 더비)
91,비블로스,4,0.85,4,0.85,3,0.85,3,0.72,4,0.88,2,0.62,2,0.62,1,0.72,0,0.62,3,0.8,2,0.62,1,0.62,2,0.62,2,0.62,2,0.62,0.7087,0,,https://umamusume.jp/character/vivlos,https://namu.wiki/w/비블로스(우마무스메 프리티 더비)
92,단츠 플레임,3,0.72,3,0.72,1,0.72,1,0.72,2,0.52,3,0.78,2,0.62,3,0.72,2,0.62,2,0.62,4,0.9,0,0.9,2,0.62,2,0.62,2,0.62,0.6947,1,장난기,https://umamusume.jp/character/dantsuflame,https://namu.wiki/w/단츠 플레임(우마무스메 프리티 더비)
93,케이에스 미라클,3,0.72,2,0.52,2,0.52,1,0.72,1,0.72,3,0.78,2,0.62,4,0.88,3,0.62,1,0.62,2,0.62,2,0.62,3,0.62,3,0.62,3,0.62,0.6547,2,"외향성, 자기확신",https://umamusume.jp/character/ksmiracle,https://namu.wiki/w/케이에스 미라클(우마무스메 프리티 더비)
94,정글 포켓,4,0.85,4,0.85,3,0.85,3,0.72,4,0.85,2,0.62,2,0.62,2,0.52,0,0.62,3,0.8,2,0.62,1,0.62,2,0.62,4,0.9,2,0.62,0.712,1,역경성,https://umamusume.jp/character/junglepocket,https://namu.wiki/w/정글 포켓(우마무스메 프리티 더비)
95,빌리브,2,0.52,1,0.72,3,0.85,1,0.72,0,0.85,4,0.88,2,0.62,2,0.52,4,0.88,0,0.88,2,0.88,4,0.88,4,0.88,3,0.88,4,0.9,0.7907,2,"명랑도, 역경성",https://umamusume.jp/character/believe,https://namu.wiki/w/빌리브(우마무스메 프리티 더비)
96,노 리즌,4,0.85,4,0.85,4,0.85,4,0.85,4,0.85,2,0.62,2,0.62,2,0.52,3,0.88,3,0.88,2,0.62,3,0.88,2,0.88,4,0.88,2,0.62,0.7767,1,역경성,https://umamusume.jp/character/noreason,https://namu.wiki/w/노 리즌(우마무스메 프리티 더비)
97,스틸 인 러브,2,0.52,1,0.72,3,0.72,4,0.85,1,0.72,2,0.62,2,0.62,2,0.52,2,0.62,2,0.62,1,0.62,3,0.62,3,0.62,3,0.62,2,0.62,0.642,2,"명랑도, 역경성",https://umamusume.jp/character/stillinlove,https://namu.wiki/w/스틸 인 러브(우마무스메 프리티 더비)
98,코파노 리키,4,0.85,4,0.85,3,0.85,4,0.85,4,0.85,2,0.62,2,0.62,1,0.72,2,0.88,2,0.88,4,0.88,2,0.88,2,0.88,2,0.62,2,0.62,0.79,0,,https://umamusume.jp/character/copanorickey,https://namu.wiki/w/코파노 리키(우마무스메 프리티 더비)
99,홋코 타루마에,3,0.72,3,0.72,3,0.72,2,0.52,2,0.52,2,0.62,2,0.62,2,0.52,2,0.62,2,0.62,2,0.62,2,0.62,2,0.62,3,0.62,2,0.62,0.62,3,"기행성, 장난기, 역경성",https://umamusume.jp/character/hokkotarumae,https://namu.wiki/w/홋코 타루마에(우마무스메 프리티 더비)
100,원더 어큐트,3,0.72,3,0.72,3,0.85,1,0.72,1,0.72,2,0.62,2,0.62,2,0.52,3,0.62,1,0.62,4,0.9,2,0.62,3,0.62,3,0.62,4,0.9,0.6927,1,역경성,https://umamusume.jp/character/wonderacute,https://namu.wiki/w/원더 어큐트(우마무스메 프리티 더비)
101,삼손 빅,4,0.85,3,0.72,3,0.72,2,0.52,3,0.72,2,0.62,2,0.62,4,0.85,1,0.62,3,0.62,2,0.62,1,0.62,2,0.62,3,0.62,2,0.62,0.664,1,기행성,https://umamusume.jp/character/samsonbig,https://namu.wiki/w/삼손 빅(우마무스메 프리티 더비)
102,사운즈 오브 어스,4,0.85,4,0.85,3,0.85,4,0.85,4,0.85,2,0.62,2,0.62,1,0.72,1,0.88,3,0.88,2,0.88,3,0.88,1,0.88,2,0.62,2,0.62,0.79,0,,https://umamusume.jp/character/soundsofearth,https://namu.wiki/w/사운즈 오브 어스(우마무스메 프리티 더비)
103,로이스 앤 로이스,3,0.72,4,0.85,3,0.85,4,0.85,4,0.85,2,0.62,2,0.62,2,0.52,0,0.62,4,0.62,2,0.62,1,0.62,2,0.62,2,0.62,2,0.62,0.6813,1,역경성,https://umamusume.jp/character/royceandroyce,https://namu.wiki/w/로이스 앤 로이스(우마무스메 프리티 더비)
104,카츠라기 에이스,4,0.85,4,0.85,3,0.85,3,0.72,3,0.72,2,0.62,2,0.62,3,0.52,0,0.62,4,0.62,2,0.62,1,0.62,2,0.62,3,0.8,2,0.62,0.6847,1,역경성,https://umamusume.jp/character/katsuragiace,https://namu.wiki/w/카츠라기 에이스(우마무스메 프리티 더비)
105,네오 유니버스,3,0.72,1,0.72,3,0.85,4,0.88,3,0.72,2,0.62,2,0.62,2,0.52,2,0.62,3,0.62,1,0.62,3,0.62,2,0.62,3,0.62,2,0.62,0.666,1,역경성,https://umamusume.jp/character/neouniverse,https://namu.wiki/w/네오 유니버스(우마무스메 프리티 더비)
106,히시 미라클,4,0.85,3,0.72,1,0.52,2,0.52,3,0.72,1,0.85,2,0.62,2,0.52,1,0.62,3,0.62,2,0.62,1,0.62,0,0.9,1,0.85,1,0.85,0.6933,3,"자기확신, 기행성, 역경성",https://umamusume.jp/character/hishimiracle,https://namu.wiki/w/히시 미라클(우마무스메 프리티 더비)
107,탭 댄스 시티,4,0.85,4,0.85,3,0.85,3,0.72,4,0.85,2,0.62,2,0.62,2,0.52,1,0.88,4,0.88,1,0.88,3,0.88,1,0.88,2,0.62,1,0.62,0.768,1,역경성,https://umamusume.jp/character/tapdancecity,https://namu.wiki/w/탭 댄스 시티(우마무스메 프리티 더비)
108,두라멘테,2,0.52,1,0.72,3,0.85,1,0.72,0,0.85,2,0.62,3,0.78,1,0.72,3,0.62,1,0.62,2,0.62,3,0.62,3,0.62,3,0.8,2,0.62,0.6867,1,명랑도,https://umamusume.jp/character/duramente,https://namu.wiki/w/두라멘테(우마무스메 프리티 더비)
109,라인 크라프트,4,0.85,4,0.85,3,0.85,1,0.72,2,0.52,2,0.62,2,0.62,2,0.52,2,0.62,2,0.62,3,0.62,1,0.62,2,0.62,3,0.62,2,0.62,0.6593,2,"장난기, 역경성",https://umamusume.jp/character/rheinkraft,https://namu.wiki/w/라인 크라프트(우마무스메 프리티 더비)
110,세자리오,3,0.72,2,0.52,3,0.85,1,0.72,1,0.72,2,0.62,2,0.62,1,0.72,3,0.8,1,0.62,2,0.62,2,0.62,3,0.8,3,0.62,2,0.62,0.6793,1,외향성,https://umamusume.jp/character/cesario,https://namu.wiki/w/세자리오(우마무스메 프리티 더비)
111,에어 메사이어,2,0.52,2,0.52,2,0.52,1,0.72,1,0.72,2,0.62,2,0.62,3,0.72,3,0.62,1,0.62,2,0.62,2,0.62,3,0.62,3,0.62,2,0.62,0.62,3,"명랑도, 외향성, 자기확신",https://umamusume.jp/character/airmessiah,https://namu.wiki/w/에어 메사이어(우마무스메 프리티 더비)
112,데어링 하트,4,0.85,4,0.85,3,0.85,3,0.72,3,0.72,2,0.62,2,0.62,1,0.72,0,0.62,4,0.62,2,0.62,1,0.62,2,0.62,2,0.62,2,0.62,0.686,0,,https://umamusume.jp/character/daringheart,https://namu.wiki/w/데어링 하트(우마무스메 프리티 더비)
113,후사이치 판도라,4,0.85,4,0.85,3,0.85,3,0.72,4,0.85,2,0.62,2,0.62,1,0.72,0,0.62,4,0.62,2,0.62,1,0.62,1,0.62,2,0.62,1,0.62,0.6947,0,,https://umamusume.jp/character/fusaichipandora,https://namu.wiki/w/후사이치 판도라(우마무스메 프리티 더비)
114,부에나 비스타,4,0.85,4,0.85,3,0.85,1,0.72,2,0.52,2,0.62,3,0.78,2,0.52,1,0.88,2,0.88,4,0.88,1,0.88,3,0.88,3,0.62,3,0.8,0.7687,2,"장난기, 역경성",https://umamusume.jp/character/buenavista,https://namu.wiki/w/부에나 비스타(우마무스메 프리티 더비)
115,오르페브르,2,0.52,4,0.85,4,0.88,4,0.85,2,0.52,2,0.62,4,0.88,1,0.72,1,0.62,4,0.62,0,0.9,1,0.62,2,0.62,4,0.9,1,0.62,0.716,2,"명랑도, 장난기",https://umamusume.jp/character/orfevre,https://namu.wiki/w/오르페브르(우마무스메 프리티 더비)
116,젠틸돈나,2,0.52,3,0.72,4,0.88,2,0.52,1,0.72,3,0.62,4,0.88,1,0.72,2,0.62,2,0.62,2,0.62,3,0.62,4,0.9,4,0.9,3,0.62,0.6987,2,"명랑도, 기행성",https://umamusume.jp/character/gentildonna,https://namu.wiki/w/젠틸돈나(우마무스메 프리티 더비)
117,윈 바리아시옹,3,0.72,2,0.52,2,0.52,2,0.52,2,0.52,4,0.88,2,0.62,4,0.88,2,0.62,2,0.62,2,0.62,2,0.62,3,0.62,4,0.9,3,0.62,0.6533,4,"외향성, 자기확신, 기행성, 장난기",https://umamusume.jp/character/winvariation,https://namu.wiki/w/윈 바리아시옹(우마무스메 프리티 더비)
118,어드마이어 그루브,1,0.72,0,0.85,3,0.72,1,0.72,0,0.85,2,0.62,2,0.62,3,0.72,3,0.62,0,0.62,2,0.62,3,0.62,3,0.62,3,0.62,3,0.62,0.6773,0,,https://umamusume.jp/character/admiregroove,https://namu.wiki/w/어드마이어 그루브(우마무스메 프리티 더비)
119,드림 저니,2,0.52,2,0.52,3,0.85,4,0.85,2,0.52,2,0.62,2,0.62,2,0.52,2,0.62,2,0.62,1,0.62,3,0.8,3,0.62,3,0.62,2,0.62,0.636,4,"명랑도, 외향성, 장난기, 역경성",https://umamusume.jp/character/dreamjourney,https://namu.wiki/w/드림 저니(우마무스메 프리티 더비)
120,칼스톤 라이트 오,3,0.72,3,0.72,3,0.85,4,0.88,2,0.52,2,0.62,2,0.62,1,0.72,1,0.62,4,0.9,2,0.62,1,0.62,2,0.62,3,0.62,2,0.62,0.6847,1,장난기,https://umamusume.jp/character/calstonelighto,https://namu.wiki/w/칼스톤 라이트 오(우마무스메 프리티 더비)
121,뒤랑달,3,0.72,2,0.52,3,0.85,3,0.72,2,0.52,2,0.62,2,0.62,1,0.72,2,0.62,2,0.62,2,0.62,2,0.62,2,0.62,3,0.62,2,0.62,0.642,2,"외향성, 장난기",https://umamusume.jp/character/durandal,https://namu.wiki/w/뒤랑달(우마무스메 프리티 더비)
122,버블검 펠로,3,0.72,4,0.85,3,0.85,2,0.52,2,0.52,2,0.62,2,0.62,1,0.72,1,0.62,3,0.62,2,0.62,1,0.62,2,0.62,3,0.62,2,0.62,0.6507,2,"기행성, 장난기",https://umamusume.jp/character/bubblegumfellow,https://namu.wiki/w/버블검 펠로(우마무스메 프리티 더비)
123,사쿠라 치토세 오,3,0.72,2,0.52,3,0.85,4,0.85,2,0.52,2,0.62,2,0.62,1,0.72,2,0.62,3,0.62,1,0.62,2,0.62,2,0.62,3,0.62,2,0.62,0.6507,2,"외향성, 장난기",https://umamusume.jp/character/sakurachitoseo,https://namu.wiki/w/사쿠라 치토세 오(우마무스메 프리티 더비)
124,페노메노,3,0.72,3,0.72,3,0.85,1,0.72,1,0.72,2,0.62,2,0.62,2,0.52,3,0.62,1,0.62,3,0.62,2,0.62,3,0.62,3,0.62,3,0.62,0.6553,1,역경성,https://umamusume.jp/character/fenomeno,https://namu.wiki/w/페노메노(우마무스메 프리티 더비)
125,블래스트 원피스,4,0.85,4,0.85,3,0.85,3,0.72,4,0.85,2,0.62,2,0.62,1,0.72,1,0.88,3,0.88,4,0.88,0,0.88,1,0.88,2,0.62,2,0.62,0.7813,0,,https://umamusume.jp/character/blastonepiece,https://namu.wiki/w/블래스트 원피스(우마무스메 프리티 더비)
126,아몬드 아이,3,0.72,3,0.72,3,0.85,2,0.52,1,0.72,2,0.62,4,0.88,1,0.72,2,0.62,2,0.62,2,0.62,2,0.62,3,0.62,3,0.8,2,0.62,0.6847,1,기행성,https://umamusume.jp/character/almondeye,https://namu.wiki/w/아몬드 아이(우마무스메 프리티 더비)
127,럭키 라일락,3,0.72,3,0.72,3,0.72,1,0.72,1,0.72,2,0.62,3,0.78,4,0.88,3,0.62,1,0.62,3,0.62,2,0.62,3,0.62,3,0.62,3,0.62,0.6813,0,,https://umamusume.jp/character/luckylilac,https://namu.wiki/w/럭키 라일락(우마무스메 프리티 더비)
128,그란 알레그리아,4,0.85,4,0.85,4,0.85,4,0.85,4,0.85,2,0.62,4,0.88,1,0.72,2,0.88,2,0.88,2,0.62,3,0.88,2,0.88,2,0.62,2,0.62,0.79,0,,https://umamusume.jp/character/granalegria,https://namu.wiki/w/그란 알레그리아(우마무스메 프리티 더비)
129,러브즈 온리 유,4,0.85,4,0.85,3,0.85,3,0.72,4,0.85,2,0.62,2,0.62,1,0.72,2,0.88,2,0.88,3,0.88,1,0.88,3,0.88,2,0.62,2,0.62,0.7813,0,,https://umamusume.jp/character/lovesonlyyou,https://namu.wiki/w/러브즈 온리 유(우마무스메 프리티 더비)
130,크로노 제네시스,3,0.72,1,0.72,3,0.72,3,0.72,2,0.52,2,0.62,3,0.78,1,0.72,2,0.62,2,0.62,2,0.62,3,0.62,2,0.62,3,0.62,2,0.62,0.6573,1,장난기,https://umamusume.jp/character/chronogenesis,https://namu.wiki/w/크로노 제네시스(우마무스메 프리티 더비)
131,카렌 부케도르,3,0.72,2,0.52,2,0.52,1,0.72,1,0.72,2,0.62,2,0.62,3,0.72,3,0.62,1,0.62,2,0.62,2,0.62,3,0.62,3,0.62,2,0.62,0.6333,2,"외향성, 자기확신",https://umamusume.jp/character/currenbouquetdor,https://namu.wiki/w/카렌 부케도르(우마무스메 프리티 더비)
132,스테이 골드,3,0.72,3,0.72,3,0.85,4,0.85,3,0.72,2,0.62,2,0.62,3,0.72,1,0.62,3,0.62,2,0.62,2,0.62,2,0.62,3,0.62,2,0.62,0.6773,0,,https://umamusume.jp/character/staygold,https://namu.wiki/w/스테이 골드(우마무스메 프리티 더비)
133,레드 디자이어,3,0.72,3,0.72,3,0.85,4,0.85,3,0.72,2,0.62,2,0.62,2,0.52,0,0.62,4,0.62,2,0.62,1,0.62,2,0.62,3,0.62,2,0.62,0.664,1,역경성,https://umamusume.jp/character/reddesire,https://namu.wiki/w/레드 디자이어(우마무스메 프리티 더비)
134,키세키,4,0.85,4,0.85,3,0.85,4,0.85,4,0.85,2,0.62,2,0.62,2,0.52,1,0.88,3,0.88,2,0.88,2,0.88,2,0.88,3,0.88,2,0.62,0.794,1,역경성,https://umamusume.jp/character/kiseki,https://namu.wiki/w/키세키(우마무스메 프리티 더비)
135,포에버 영,4,0.85,4,0.85,4,0.85,3,0.85,4,0.85,2,0.62,3,0.78,1,0.72,4,0.88,3,0.88,2,0.62,4,0.88,3,0.88,2,0.62,2,0.62,0.7833,0,,https://umamusume.jp/character/foreveryoung,https://namu.wiki/w/포에버 영(우마무스메 프리티 더비)
136,마르슈 로렌,3,0.72,0,0.85,1,0.72,4,0.85,3,0.72,2,0.62,2,0.62,2,0.52,2,0.62,3,0.62,1,0.62,3,0.62,2,0.62,2,0.62,2,0.62,0.664,1,역경성,https://umamusume.jp/character/marchelorraine,https://namu.wiki/w/마르슈 로렌(우마무스메 프리티 더비)
137,에피파네이아,4,0.85,4,0.85,3,0.85,4,0.85,4,0.85,2,0.62,2,0.62,1,0.72,0,0.88,4,0.88,3,0.88,2,0.88,1,0.88,2,0.62,2,0.62,0.79,0,,https://umamusume.jp/character/epiphaneia,https://namu.wiki/w/에피파네이아(우마무스메 프리티 더비)
138,로고타입,3,0.72,2,0.52,3,0.72,1,0.72,1,0.72,3,0.78,2,0.62,2,0.52,3,0.88,0,0.88,3,0.88,3,0.88,3,0.88,2,0.88,4,0.9,0.7667,2,"외향성, 역경성",https://umamusume.jp/character/logotype,https://namu.wiki/w/로고타입(우마무스메 프리티 더비)
139,빅투아르 피사,4,0.85,4,0.85,3,0.85,1,0.72,2,0.52,2,0.62,2,0.62,2,0.52,2,0.88,1,0.88,4,0.88,0,0.88,2,0.88,3,0.62,3,0.62,0.746,2,"장난기, 역경성",https://umamusume.jp/character/victoirepisa,https://namu.wiki/w/빅투아르 피사(우마무스메 프리티 더비)
140,로즈 킹덤,2,0.52,2,0.52,3,0.85,2,0.52,1,0.72,2,0.62,2,0.62,2,0.52,3,0.62,1,0.62,2,0.62,2,0.62,3,0.62,3,0.62,2,0.62,0.6153,4,"명랑도, 외향성, 기행성, 역경성",https://umamusume.jp/character/rosekingdom,https://namu.wiki/w/로즈 킹덤(우마무스메 프리티 더비)
141,룰러쉽,2,0.52,1,0.72,1,0.72,4,0.88,2,0.52,2,0.62,2,0.62,3,0.72,3,0.8,3,0.62,1,0.62,2,0.62,2,0.62,2,0.62,2,0.62,0.656,2,"명랑도, 장난기",https://umamusume.jp/character/rulership,https://namu.wiki/w/룰러쉽(우마무스메 프리티 더비)
142,타이틀홀더,2,0.52,1,0.72,3,0.85,3,0.72,0,0.85,2,0.62,3,0.78,1,0.72,3,0.62,1,0.62,2,0.62,3,0.62,3,0.62,3,0.8,2,0.62,0.6867,1,명랑도,https://umamusume.jp/character/titleholder,https://namu.wiki/w/타이틀홀더(우마무스메 프리티 더비)
